id_cidade,nome_cidade,area_desmatada_cidade,area_desmatada_uc,area_desmatada_total,percentual_uc_exclusiva
1185,Cururupu,0.0,0.28,0.28,100.0
1447,Rio Branco,0.0,0.87,0.87,100.0
783,Manaus,68.64,97.69,166.33,58.73
1377,Cuiabá,1.09,1.1,2.19,50.14
834,Augusto Corrêa,1.33,0.75,2.08,36.02
952,Soure,1.95,1.08,3.03,35.63
795,Santa Isabel do Rio Negro,20.56,9.33,29.89,31.22
753,Barcelos,30.97,8.89,39.86,22.31
919,Porto de Moz,483.51,131.45,614.96,21.38
777,Japurá,66.4,16.49,82.89,19.89
1307,São Luís,29.28,5.76,35.04,16.44
905,Oeiras do Pará,126.7,22.37,149.07,15.01
696,Machadinho D'Oeste,1020.5,155.72,1176.22,13.24
889,Maracanã,13.94,2.0,15.94,12.54
1152,Bequimão,0.56,0.08,0.64,12.44
1082,Pium,0.93,0.13,1.06,12.32
762,Carauari,17.55,2.45,20.0,12.25
944,São Geraldo do Araguaia,31.51,4.28,35.79,11.96
701,Nova Mamoré,1768.79,233.7,2002.49,11.67
887,Magalhães Barata,6.21,0.81,7.02,11.54
779,Jutaí,67.08,6.74,73.82,9.13
786,Maués,467.46,42.84,510.3,8.4
890,Marapanim,15.7,1.25,16.95,7.37
838,Baião,159.01,12.47,171.48,7.27
689,Cujubim,1144.95,82.82,1227.77,6.75
1479,Vila Bela da Santíssima Trindade,248.73,17.02,265.75,6.4
920,Prainha,886.38,50.01,936.39,5.34
1015,Carrasco Bonito,0.42,0.02,0.44,4.55
939,São Caetano de Odivelas,9.87,0.39,10.26,3.8
822,Uiramutã,20.7,0.72,21.42,3.36
682,Candeias do Jamari,1289.61,44.28,1333.89,3.32
688,Costa Marques,530.1,17.61,547.71,3.22
897,Monte Alegre,361.3,10.96,372.26,2.94
957,Tracuateua,9.56,0.28,9.84,2.85
789,Novo Airão,19.53,0.52,20.05,2.59
912,Parauapebas,86.89,2.15,89.04,2.41
830,Altamira,6611.69,132.86,6744.55,1.97
846,Bragança,15.03,0.3,15.33,1.96
787,Nhamundá,76.16,0.99,77.15,1.28
794,Rio Preto da Eva,60.51,0.65,61.16,1.06
758,Boca do Acre,1523.86,15.93,1539.79,1.03
936,Santarém,380.64,3.78,384.42,0.98
945,São João da Ponta,12.53,0.12,12.65,0.95
759,Borba,197.7,1.78,199.48,0.89
731,Feijó,997.08,8.21,1005.29,0.82
708,Porto Velho,5219.39,40.76,5260.15,0.77
780,Lábrea,4035.38,30.66,4066.04,0.75
797,São Gabriel da Cachoeira,61.89,0.45,62.34,0.72
784,Manicoré,1373.92,7.98,1381.9,0.58
802,Tapauá,243.73,1.43,245.16,0.58
906,Oriximiná,276.04,1.55,277.59,0.56
733,Mâncio Lima,95.61,0.43,96.04,0.45
964,Viseu,121.34,0.54,121.88,0.44
1426,Novo Santo Antônio,79.11,0.34,79.45,0.43
1372,Colniza,2991.2,12.69,3003.89,0.42
976,Pedra Branca do Amapari,38.6,0.14,38.74,0.36
761,Canutama,897.32,3.04,900.36,0.34
813,Caracaraí,583.83,0.69,584.52,0.12
771,Humaitá,882.61,0.73,883.34,0.08
750,Apuí,3024.31,2.12,3026.43,0.07
672,Alta Floresta D'Oeste,241.37,0.0,241.37,0.0
673,Alto Alegre dos Parecis,122.4,0.0,122.4,0.0
674,Alto Paraíso,448.17,0.0,448.17,0.0
675,Alvorada D'Oeste,32.45,0.0,32.45,0.0
676,Ariquemes,216.47,0.0,216.47,0.0
677,Buritis,642.31,0.0,642.31,0.0
678,Cabixi,46.25,0.0,46.25,0.0
679,Cacaulândia,91.67,0.0,91.67,0.0
680,Cacoal,77.66,0.0,77.66,0.0
681,Campo Novo de Rondônia,338.82,0.0,338.82,0.0
683,Castanheiras,25.04,0.0,25.04,0.0
684,Cerejeiras,33.35,0.0,33.35,0.0
685,Chupinguaia,146.22,0.0,146.22,0.0
686,Colorado do Oeste,20.69,0.0,20.69,0.0
687,Corumbiara,47.1,0.0,47.1,0.0
690,Espigão D'Oeste,82.67,0.0,82.67,0.0
691,Governador Jorge Teixeira,130.31,0.0,130.31,0.0
692,Guajará-Mirim,250.47,0.0,250.47,0.0
693,Itapuã do Oeste,210.48,0.0,210.48,0.0
694,Jaru,35.2,0.0,35.2,0.0
695,Ji-Paraná,39.66,0.0,39.66,0.0
697,Ministro Andreazza,15.5,0.0,15.5,0.0
698,Mirante da Serra,53.98,0.0,53.98,0.0
699,Monte Negro,214.68,0.0,214.68,0.0
700,Nova Brasilândia D'Oeste,53.54,0.0,53.54,0.0
702,Nova União,63.14,0.0,63.14,0.0
703,Novo Horizonte do Oeste,14.73,0.0,14.73,0.0
704,Ouro Preto do Oeste,114.72,0.0,114.72,0.0
705,Parecis,111.04,0.0,111.04,0.0
706,Pimenta Bueno,279.69,0.0,279.69,0.0
707,Pimenteiras do Oeste,91.9,0.0,91.9,0.0
709,Presidente Médici,14.28,0.0,14.28,0.0
710,Primavera de Rondônia,7.11,0.0,7.11,0.0
711,Rio Crespo,96.04,0.0,96.04,0.0
712,Rolim de Moura,19.46,0.0,19.46,0.0
713,Santa Luzia D'Oeste,14.41,0.0,14.41,0.0
714,São Felipe D'Oeste,2.71,0.0,2.71,0.0
715,São Francisco do Guaporé,292.38,0.0,292.38,0.0
716,São Miguel do Guaporé,196.75,0.0,196.75,0.0
717,Seringueiras,265.26,0.0,265.26,0.0
718,Teixeirópolis,2.46,0.0,2.46,0.0
719,Theobroma,70.96,0.0,70.96,0.0
720,Urupá,14.15,0.0,14.15,0.0
721,Vale do Anari,152.43,0.0,152.43,0.0
722,Vale do Paraíso,24.89,0.0,24.89,0.0
723,Vilhena,259.05,0.0,259.05,0.0
724,Acrelândia,274.06,0.0,274.06,0.0
725,Assis Brasil,128.51,0.0,128.51,0.0
726,Brasiléia,426.62,0.0,426.62,0.0
727,Bujari,258.17,0.0,258.17,0.0
728,Capixaba,227.58,0.0,227.58,0.0
729,Cruzeiro do Sul,314.84,0.0,314.84,0.0
730,Epitaciolândia,141.52,0.0,141.52,0.0
732,Jordão,109.89,0.0,109.89,0.0
734,Manoel Urbano,455.38,0.0,455.38,0.0
735,Marechal Thaumaturgo,147.43,0.0,147.43,0.0
736,Plácido de Castro,116.01,0.0,116.01,0.0
737,Porto Acre,227.62,0.0,227.62,0.0
738,Porto Walter,123.45,0.0,123.45,0.0
739,Rio Branco,814.91,0.0,814.91,0.0
740,Rodrigues Alves,136.72,0.0,136.72,0.0
741,Santa Rosa do Purus,50.7,0.0,50.7,0.0
742,Sena Madureira,902.77,0.0,902.77,0.0
743,Senador Guiomard,127.34,0.0,127.34,0.0
744,Tarauacá,677.57,0.0,677.57,0.0
745,Xapuri,474.77,0.0,474.77,0.0
746,Alvarães,73.85,0.0,73.85,0.0
747,Amaturá,7.38,0.0,7.38,0.0
748,Anamã,12.8,0.0,12.8,0.0
749,Anori,7.19,0.0,7.19,0.0
751,Atalaia do Norte,21.21,0.0,21.21,0.0
752,Autazes,366.65,0.0,366.65,0.0
754,Barreirinha,78.27,0.0,78.27,0.0
755,Benjamin Constant,9.94,0.0,9.94,0.0
756,Beruri,55.38,0.0,55.38,0.0
757,Boa Vista do Ramos,16.23,0.0,16.23,0.0
760,Caapiranga,25.34,0.0,25.34,0.0
763,Careiro,79.95,0.0,79.95,0.0
764,Careiro da Várzea,163.44,0.0,163.44,0.0
765,Coari,51.97,0.0,51.97,0.0
766,Codajás,24.83,0.0,24.83,0.0
767,Eirunepé,50.31,0.0,50.31,0.0
768,Envira,148.47,0.0,148.47,0.0
769,Fonte Boa,14.42,0.0,14.42,0.0
770,Guajará,183.79,0.0,183.79,0.0
772,Ipixuna,100.43,0.0,100.43,0.0
773,Iranduba,43.7,0.0,43.7,0.0
774,Itacoatiara,205.91,0.0,205.91,0.0
775,Itamarati,26.36,0.0,26.36,0.0
776,Itapiranga,16.12,0.0,16.12,0.0
778,Juruá,20.52,0.0,20.52,0.0
781,Manacapuru,102.51,0.0,102.51,0.0
782,Manaquiri,24.5,0.0,24.5,0.0
785,Maraã,23.74,0.0,23.74,0.0
788,Nova Olinda do Norte,71.79,0.0,71.79,0.0
790,Novo Aripuanã,1792.93,0.0,1792.93,0.0
791,Parintins,65.5,0.0,65.5,0.0
792,Pauini,189.81,0.0,189.81,0.0
793,Presidente Figueiredo,151.0,0.0,151.0,0.0
796,Santo Antônio do Içá,17.75,0.0,17.75,0.0
798,São Paulo de Olivença,18.26,0.0,18.26,0.0
799,São Sebastião do Uatumã,45.9,0.0,45.9,0.0
800,Silves,23.96,0.0,23.96,0.0
801,Tabatinga,20.08,0.0,20.08,0.0
803,Tefé,127.89,0.0,127.89,0.0
804,Tonantins,16.84,0.0,16.84,0.0
805,Uarini,60.61,0.0,60.61,0.0
806,Urucará,21.41,0.0,21.41,0.0
807,Urucurituba,6.96,0.0,6.96,0.0
808,Alto Alegre,250.14,0.0,250.14,0.0
809,Amajari,220.61,0.0,220.61,0.0
810,Boa Vista,6.88,0.0,6.88,0.0
811,Bonfim,90.76,0.0,90.76,0.0
812,Cantá,454.36,0.0,454.36,0.0
814,Caroebe,413.64,0.0,413.64,0.0
815,Iracema,470.84,0.0,470.84,0.0
816,Mucajaí,865.66,0.0,865.66,0.0
817,Normandia,0.34,0.0,0.34,0.0
818,Pacaraima,13.83,0.0,13.83,0.0
819,Rorainópolis,681.1,0.0,681.1,0.0
820,São João da Baliza,147.0,0.0,147.0,0.0
821,São Luiz,115.48,0.0,115.48,0.0
823,Abaetetuba,19.14,0.0,19.14,0.0
824,Abel Figueiredo,19.77,0.0,19.77,0.0
825,Acará,254.09,0.0,254.09,0.0
826,Afuá,2.93,0.0,2.93,0.0
827,Água Azul do Norte,140.12,0.0,140.12,0.0
828,Alenquer,408.24,0.0,408.24,0.0
829,Almeirim,403.07,0.0,403.07,0.0
831,Anajás,16.56,0.0,16.56,0.0
832,Ananindeua,0.15,0.0,0.15,0.0
833,Anapu,1528.46,0.0,1528.46,0.0
835,Aurora do Pará,79.43,0.0,79.43,0.0
836,Aveiro,524.87,0.0,524.87,0.0
837,Bagre,58.65,0.0,58.65,0.0
839,Bannach,146.45,0.0,146.45,0.0
840,Barcarena,21.84,0.0,21.84,0.0
841,Belém,6.29,0.0,6.29,0.0
842,Belterra,93.72,0.0,93.72,0.0
843,Benevides,1.77,0.0,1.77,0.0
844,Bom Jesus do Tocantins,116.57,0.0,116.57,0.0
845,Bonito,14.26,0.0,14.26,0.0
847,Brasil Novo,376.92,0.0,376.92,0.0
848,Brejo Grande do Araguaia,37.13,0.0,37.13,0.0
849,Breu Branco,296.21,0.0,296.21,0.0
850,Breves,24.13,0.0,24.13,0.0
851,Bujaru,25.05,0.0,25.05,0.0
852,Cachoeira do Arari,2.4,0.0,2.4,0.0
853,Cachoeira do Piriá,388.66,0.0,388.66,0.0
854,Cametá,29.1,0.0,29.1,0.0
855,Canaã dos Carajás,29.78,0.0,29.78,0.0
856,Capanema,10.74,0.0,10.74,0.0
857,Capitão Poço,54.02,0.0,54.02,0.0
858,Castanhal,16.58,0.0,16.58,0.0
859,Chaves,7.67,0.0,7.67,0.0
860,Colares,1.34,0.0,1.34,0.0
861,Conceição do Araguaia,143.53,0.0,143.53,0.0
862,Concórdia do Pará,12.53,0.0,12.53,0.0
863,Cumaru do Norte,799.53,0.0,799.53,0.0
864,Curionópolis,26.8,0.0,26.8,0.0
865,Curralinho,28.55,0.0,28.55,0.0
866,Curuá,93.51,0.0,93.51,0.0
867,Curuçá,13.57,0.0,13.57,0.0
868,Dom Eliseu,442.91,0.0,442.91,0.0
869,Eldorado do Carajás,131.65,0.0,131.65,0.0
870,Faro,41.24,0.0,41.24,0.0
871,Floresta do Araguaia,90.16,0.0,90.16,0.0
872,Garrafão do Norte,59.17,0.0,59.17,0.0
873,Goianésia do Pará,474.22,0.0,474.22,0.0
874,Gurupá,51.89,0.0,51.89,0.0
875,Igarapé-Açu,8.13,0.0,8.13,0.0
876,Igarapé-Miri,40.15,0.0,40.15,0.0
877,Inhangapi,2.65,0.0,2.65,0.0
878,Ipixuna do Pará,349.78,0.0,349.78,0.0
879,Irituia,18.8,0.0,18.8,0.0
880,Itaituba,2687.99,0.0,2687.99,0.0
881,Itupiranga,944.73,0.0,944.73,0.0
882,Jacareacanga,843.86,0.0,843.86,0.0
883,Jacundá,49.11,0.0,49.11,0.0
884,Juruti,159.7,0.0,159.7,0.0
885,Limoeiro do Ajuru,4.5,0.0,4.5,0.0
886,Mãe do Rio,1.58,0.0,1.58,0.0
888,Marabá,1307.74,0.0,1307.74,0.0
891,Marituba,0.5,0.0,0.5,0.0
892,Medicilândia,975.67,0.0,975.67,0.0
893,Melgaço,28.01,0.0,28.01,0.0
894,Mocajuba,5.69,0.0,5.69,0.0
895,Moju,931.84,0.0,931.84,0.0
896,Mojuí dos Campos,579.69,0.0,579.69,0.0
898,Muaná,3.77,0.0,3.77,0.0
899,Nova Esperança do Piriá,193.1,0.0,193.1,0.0
900,Nova Ipixuna,81.76,0.0,81.76,0.0
901,Nova Timboteua,5.86,0.0,5.86,0.0
902,Novo Progresso,2973.53,0.0,2973.53,0.0
903,Novo Repartimento,2881.95,0.0,2881.95,0.0
904,Óbidos,425.3,0.0,425.3,0.0
907,Ourém,13.75,0.0,13.75,0.0
908,Ourilândia do Norte,155.38,0.0,155.38,0.0
909,Pacajá,2898.05,0.0,2898.05,0.0
910,Palestina do Pará,31.33,0.0,31.33,0.0
911,Paragominas,624.51,0.0,624.51,0.0
913,Pau D'Arco,48.64,0.0,48.64,0.0
914,Peixe-Boi,10.89,0.0,10.89,0.0
915,Piçarra,77.49,0.0,77.49,0.0
916,Placas,1303.27,0.0,1303.27,0.0
917,Ponta de Pedras,0.71,0.0,0.71,0.0
918,Portel,2207.53,0.0,2207.53,0.0
921,Primavera,3.93,0.0,3.93,0.0
922,Quatipuru,4.85,0.0,4.85,0.0
923,Redenção,21.22,0.0,21.22,0.0
924,Rio Maria,112.91,0.0,112.91,0.0
925,Rondon do Pará,547.24,0.0,547.24,0.0
926,Rurópolis,958.2,0.0,958.2,0.0
927,Salinópolis,11.31,0.0,11.31,0.0
928,Salvaterra,13.75,0.0,13.75,0.0
929,Santa Bárbara do Pará,3.53,0.0,3.53,0.0
931,Santa Izabel do Pará,8.23,0.0,8.23,0.0
932,Santa Luzia do Pará,18.81,0.0,18.81,0.0
933,Santa Maria das Barreiras,452.54,0.0,452.54,0.0
934,Santa Maria do Pará,3.57,0.0,3.57,0.0
935,Santana do Araguaia,569.97,0.0,569.97,0.0
937,Santarém Novo,5.15,0.0,5.15,0.0
938,Santo Antônio do Tauá,4.64,0.0,4.64,0.0
940,São Domingos do Araguaia,46.6,0.0,46.6,0.0
941,São Domingos do Capim,45.74,0.0,45.74,0.0
942,São Félix do Xingu,5937.22,0.0,5937.22,0.0
943,São Francisco do Pará,6.01,0.0,6.01,0.0
946,São João de Pirabas,25.1,0.0,25.1,0.0
947,São João do Araguaia,113.89,0.0,113.89,0.0
948,São Miguel do Guamá,19.43,0.0,19.43,0.0
949,São Sebastião da Boa Vista,3.96,0.0,3.96,0.0
950,Sapucaia,20.81,0.0,20.81,0.0
951,Senador José Porfírio,1313.41,0.0,1313.41,0.0
953,Tailândia,477.99,0.0,477.99,0.0
954,Terra Alta,4.26,0.0,4.26,0.0
955,Terra Santa,60.33,0.0,60.33,0.0
956,Tomé-Açu,268.12,0.0,268.12,0.0
958,Trairão,985.77,0.0,985.77,0.0
959,Tucumã,48.44,0.0,48.44,0.0
960,Tucuruí,200.95,0.0,200.95,0.0
961,Ulianópolis,541.02,0.0,541.02,0.0
962,Uruará,1518.86,0.0,1518.86,0.0
963,Vigia,6.08,0.0,6.08,0.0
965,Vitória do Xingu,202.3,0.0,202.3,0.0
966,Xinguara,28.92,0.0,28.92,0.0
967,Amapá,8.24,0.0,8.24,0.0
968,Calçoene,47.75,0.0,47.75,0.0
969,Cutias,13.82,0.0,13.82,0.0
970,Ferreira Gomes,15.28,0.0,15.28,0.0
971,Itaubal,7.2,0.0,7.2,0.0
972,Laranjal do Jari,42.41,0.0,42.41,0.0
973,Macapá,44.19,0.0,44.19,0.0
974,Mazagão,54.04,0.0,54.04,0.0
975,Oiapoque,49.49,0.0,49.49,0.0
977,Porto Grande,43.24,0.0,43.24,0.0
978,Pracuúba,18.71,0.0,18.71,0.0
979,Santana,8.06,0.0,8.06,0.0
980,Serra do Navio,3.45,0.0,3.45,0.0
981,Tartarugalzinho,58.98,0.0,58.98,0.0
982,Vitória do Jari,22.39,0.0,22.39,0.0
983,Abreulândia,4.54,0.0,4.54,0.0
984,Aguiarnópolis,6.01,0.0,6.01,0.0
988,Ananás,23.84,0.0,23.84,0.0
989,Angico,7.6,0.0,7.6,0.0
991,Aragominas,40.19,0.0,40.19,0.0
992,Araguacema,21.15,0.0,21.15,0.0
994,Araguaína,29.55,0.0,29.55,0.0
995,Araguanã,13.5,0.0,13.5,0.0
996,Araguatins,68.19,0.0,68.19,0.0
997,Arapoema,6.75,0.0,6.75,0.0
999,Augustinópolis,3.17,0.0,3.17,0.0
1001,Axixá do Tocantins,1.23,0.0,1.23,0.0
1003,Bandeirantes do Tocantins,1.21,0.0,1.21,0.0
1006,Bernardo Sayão,1.91,0.0,1.91,0.0
1008,Brasilândia do Tocantins,0.54,0.0,0.54,0.0
1010,Buriti do Tocantins,0.37,0.0,0.37,0.0
1011,Cachoeirinha,3.38,0.0,3.38,0.0
1014,Carmolândia,1.68,0.0,1.68,0.0
1016,Caseara,48.55,0.0,48.55,0.0
1019,Chapada de Areia,0.44,0.0,0.44,0.0
1020,Colinas do Tocantins,0.44,0.0,0.44,0.0
1021,Colméia,5.13,0.0,5.13,0.0
1024,Couto Magalhães,9.03,0.0,9.03,0.0
1027,Darcinópolis,2.63,0.0,2.63,0.0
1029,Divinópolis do Tocantins,0.28,0.0,0.28,0.0
1030,Dois Irmãos do Tocantins,7.63,0.0,7.63,0.0
1031,Dueré,24.12,0.0,24.12,0.0
1032,Esperantina,7.13,0.0,7.13,0.0
1036,Formoso do Araguaia,32.74,0.0,32.74,0.0
1037,Goianorte,5.74,0.0,5.74,0.0
1039,Guaraí,25.56,0.0,25.56,0.0
1043,Itaguatins,14.42,0.0,14.42,0.0
1045,Itaporã do Tocantins,5.14,0.0,5.14,0.0
1047,Juarina,0.15,0.0,0.15,0.0
1048,Lagoa da Confusão,65.93,0.0,65.93,0.0
1053,Luzinópolis,2.88,0.0,2.88,0.0
1054,Marianópolis do Tocantins,31.14,0.0,31.14,0.0
1056,Maurilândia do Tocantins,2.07,0.0,2.07,0.0
1058,Miranorte,1.59,0.0,1.59,0.0
1060,Monte Santo do Tocantins,1.72,0.0,1.72,0.0
1061,Muricilândia,12.88,0.0,12.88,0.0
1063,Nazaré,5.32,0.0,5.32,0.0
1064,Nova Olinda,0.41,0.0,0.41,0.0
1071,Palmeirante,0.52,0.0,0.52,0.0
1072,Palmeiras do Tocantins,1.81,0.0,1.81,0.0
1077,Pedro Afonso,12.37,0.0,12.37,0.0
1079,Pequizeiro,3.64,0.0,3.64,0.0
1081,Piraquê,18.86,0.0,18.86,0.0
1087,Praia Norte,22.28,0.0,22.28,0.0
1088,Presidente Kennedy,2.61,0.0,2.61,0.0
1090,Recursolândia,8.2,0.0,8.2,0.0
1091,Riachinho,6.33,0.0,6.33,0.0
1095,Sampaio,1.6,0.0,1.6,0.0
1096,Sandolândia,3.07,0.0,3.07,0.0
1097,Santa Fé do Araguaia,15.13,0.0,15.13,0.0
1099,Santa Rita do Tocantins,4.35,0.0,4.35,0.0
1102,Santa Terezinha do Tocantins,3.63,0.0,3.63,0.0
1103,São Bento do Tocantins,5.28,0.0,5.28,0.0
1105,São Miguel do Tocantins,16.23,0.0,16.23,0.0
1107,São Sebastião do Tocantins,0.11,0.0,0.11,0.0
1110,Sítio Novo do Tocantins,6.17,0.0,6.17,0.0
1117,Tocantinópolis,4.3,0.0,4.3,0.0
1119,Tupiratins,0.5,0.0,0.5,0.0
1120,Wanderlândia,10.4,0.0,10.4,0.0
1121,Xambioá,33.25,0.0,33.25,0.0
1122,Açailândia,229.52,0.0,229.52,0.0
1125,Alcântara,2.21,0.0,2.21,0.0
1128,Alto Alegre do Maranhão,10.6,0.0,10.6,0.0
1129,Alto Alegre do Pindaré,9.26,0.0,9.26,0.0
1131,Amapá do Maranhão,40.42,0.0,40.42,0.0
1132,Amarante do Maranhão,260.97,0.0,260.97,0.0
1133,Anajatuba,4.31,0.0,4.31,0.0
1135,Apicum-Açu,0.07,0.0,0.07,0.0
1138,Arame,343.13,0.0,343.13,0.0
1139,Arari,22.68,0.0,22.68,0.0
1140,Axixá,5.47,0.0,5.47,0.0
1141,Bacabal,0.55,0.0,0.55,0.0
1142,Bacabeira,21.83,0.0,21.83,0.0
1143,Bacuri,1.27,0.0,1.27,0.0
1147,Barra do Corda,384.23,0.0,384.23,0.0
1153,Bernardo do Mearim,4.18,0.0,4.18,0.0
1154,Boa Vista do Gurupi,24.58,0.0,24.58,0.0
1155,Bom Jardim,418.76,0.0,418.76,0.0
1156,Bom Jesus das Selvas,258.32,0.0,258.32,0.0
1159,Brejo de Areia,10.15,0.0,10.15,0.0
1161,Buriti Bravo,26.1,0.0,26.1,0.0
1162,Buriticupu,227.54,0.0,227.54,0.0
1163,Buritirana,72.96,0.0,72.96,0.0
1164,Cachoeira Grande,6.44,0.0,6.44,0.0
1166,Cajari,17.25,0.0,17.25,0.0
1167,Campestre do Maranhão,7.5,0.0,7.5,0.0
1168,Cândido Mendes,39.23,0.0,39.23,0.0
1169,Cantanhede,60.12,0.0,60.12,0.0
1170,Capinzal do Norte,19.28,0.0,19.28,0.0
1172,Carutapera,26.02,0.0,26.02,0.0
1176,Centro do Guilherme,27.72,0.0,27.72,0.0
1177,Centro Novo do Maranhão,235.4,0.0,235.4,0.0
1179,Cidelândia,45.1,0.0,45.1,0.0
1180,Codó,72.74,0.0,72.74,0.0
1182,Colinas,60.02,0.0,60.02,0.0
1184,Coroatá,72.46,0.0,72.46,0.0
1186,Davinópolis,11.36,0.0,11.36,0.0
1187,Dom Pedro,28.43,0.0,28.43,0.0
1189,Esperantinópolis,0.06,0.0,0.06,0.0
1190,Estreito,0.69,0.0,0.69,0.0
1192,Fernando Falcão,52.34,0.0,52.34,0.0
1193,Formosa da Serra Negra,9.2,0.0,9.2,0.0
1195,Fortuna,106.28,0.0,106.28,0.0
1196,Godofredo Viana,24.59,0.0,24.59,0.0
1197,Gonçalves Dias,159.55,0.0,159.55,0.0
1198,Governador Archer,32.88,0.0,32.88,0.0
1199,Governador Edison Lobão,3.36,0.0,3.36,0.0
1200,Governador Eugênio Barros,116.66,0.0,116.66,0.0
1201,Governador Luiz Rocha,105.34,0.0,105.34,0.0
1202,Governador Newton Bello,4.32,0.0,4.32,0.0
1203,Governador Nunes Freire,3.53,0.0,3.53,0.0
1204,Graça Aranha,47.08,0.0,47.08,0.0
1205,Grajaú,540.73,0.0,540.73,0.0
1206,Guimarães,1.52,0.0,1.52,0.0
1208,Icatu,2.9,0.0,2.9,0.0
1209,Igarapé do Meio,3.23,0.0,3.23,0.0
1211,Imperatriz,14.44,0.0,14.44,0.0
1212,Itaipava do Grajaú,36.21,0.0,36.21,0.0
1213,Itapecuru Mirim,161.15,0.0,161.15,0.0
1214,Itinga do Maranhão,298.12,0.0,298.12,0.0
1215,Jatobá,53.97,0.0,53.97,0.0
1216,Jenipapo dos Vieiras,58.42,0.0,58.42,0.0
1217,João Lisboa,24.85,0.0,24.85,0.0
1218,Joselândia,26.8,0.0,26.8,0.0
1219,Junco do Maranhão,3.58,0.0,3.58,0.0
1220,Lago da Pedra,0.1,0.0,0.1,0.0
1225,Lagoa Grande do Maranhão,13.73,0.0,13.73,0.0
1226,Lajeado Novo,6.81,0.0,6.81,0.0
1227,Lima Campos,8.02,0.0,8.02,0.0
1229,Luís Domingues,13.25,0.0,13.25,0.0
1231,Maracaçumé,8.64,0.0,8.64,0.0
1232,Marajá do Sena,99.84,0.0,99.84,0.0
1233,Maranhãozinho,3.34,0.0,3.34,0.0
1235,Matinha,1.68,0.0,1.68,0.0
1237,Matões do Norte,30.83,0.0,30.83,0.0
1240,Miranda do Norte,33.27,0.0,33.27,0.0
1241,Mirinzal,0.23,0.0,0.23,0.0
1242,Monção,32.0,0.0,32.0,0.0
1243,Montes Altos,16.62,0.0,16.62,0.0
1244,Morros,2.99,0.0,2.99,0.0
1248,Nova Olinda do Maranhão,60.39,0.0,60.39,0.0
1251,Paço do Lumiar,12.67,0.0,12.67,0.0
1252,Palmeirândia,0.75,0.0,0.75,0.0
1258,Paulo Ramos,10.09,0.0,10.09,0.0
1259,Pedreiras,1.02,0.0,1.02,0.0
1260,Pedro do Rosário,13.99,0.0,13.99,0.0
1261,Penalva,13.73,0.0,13.73,0.0
1262,Peri Mirim,2.41,0.0,2.41,0.0
1263,Peritoró,44.69,0.0,44.69,0.0
1265,Pinheiro,19.21,0.0,19.21,0.0
1267,Pirapemas,34.61,0.0,34.61,0.0
1268,Poção de Pedras,0.11,0.0,0.11,0.0
1269,Porto Franco,26.18,0.0,26.18,0.0
1270,Porto Rico do Maranhão,0.16,0.0,0.16,0.0
1271,Presidente Dutra,30.87,0.0,30.87,0.0
1272,Presidente Juscelino,30.77,0.0,30.77,0.0
1274,Presidente Sarney,24.19,0.0,24.19,0.0
1275,Presidente Vargas,12.87,0.0,12.87,0.0
1277,Raposa,0.42,0.0,0.42,0.0
1279,Ribamar Fiquene,14.66,0.0,14.66,0.0
1280,Rosário,29.51,0.0,29.51,0.0
1282,Santa Filomena do Maranhão,12.58,0.0,12.58,0.0
1283,Santa Helena,39.31,0.0,39.31,0.0
1285,Santa Luzia,101.87,0.0,101.87,0.0
1286,Santa Luzia do Paruá,3.55,0.0,3.55,0.0
1288,Santa Rita,64.9,0.0,64.9,0.0
1291,Santo Antônio dos Lopes,23.29,0.0,23.29,0.0
1293,São Bento,0.1,0.0,0.1,0.0
1296,São Domingos do Maranhão,188.14,0.0,188.14,0.0
1298,São Francisco do Brejão,10.96,0.0,10.96,0.0
1301,São João do Carú,33.6,0.0,33.6,0.0
1302,São João do Paraíso,8.82,0.0,8.82,0.0
1303,São João do Soter,0.03,0.0,0.03,0.0
1305,São José de Ribamar,8.87,0.0,8.87,0.0
1306,São José dos Basílios,13.35,0.0,13.35,0.0
1308,São Luís Gonzaga do Maranhão,3.88,0.0,3.88,0.0
1309,São Mateus do Maranhão,4.06,0.0,4.06,0.0
1310,São Pedro da Água Branca,8.88,0.0,8.88,0.0
1313,São Raimundo do Doca Bezerra,1.62,0.0,1.62,0.0
1317,Senador Alexandre Costa,55.19,0.0,55.19,0.0
1318,Senador La Rocque,30.03,0.0,30.03,0.0
1319,Serrano do Maranhão,1.46,0.0,1.46,0.0
1320,Sítio Novo,1.8,0.0,1.8,0.0
1324,Timbiras,3.93,0.0,3.93,0.0
1326,Trizidela do Vale,0.12,0.0,0.12,0.0
1328,Tuntum,151.53,0.0,151.53,0.0
1329,Turiaçu,66.48,0.0,66.48,0.0
1330,Turilândia,58.47,0.0,58.47,0.0
1333,Vargem Grande,13.68,0.0,13.68,0.0
1334,Viana,12.14,0.0,12.14,0.0
1335,Vila Nova dos Martírios,18.93,0.0,18.93,0.0
1336,Vitória do Mearim,12.62,0.0,12.62,0.0
1338,Zé Doca,55.73,0.0,55.73,0.0
1340,Água Boa,5.42,0.0,5.42,0.0
1341,Alta Floresta,172.25,0.0,172.25,0.0
1343,Alto Boa Vista,124.79,0.0,124.79,0.0
1345,Alto Paraguai,1.88,0.0,1.88,0.0
1347,Apiacás,611.43,0.0,611.43,0.0
1348,Araguaiana,5.15,0.0,5.15,0.0
1350,Araputanga,12.4,0.0,12.4,0.0
1351,Arenápolis,2.78,0.0,2.78,0.0
1352,Aripuanã,1385.03,0.0,1385.03,0.0
1353,Barão de Melgaço,32.84,0.0,32.84,0.0
1354,Barra do Bugres,101.12,0.0,101.12,0.0
1355,Barra do Garças,7.47,0.0,7.47,0.0
1357,Bom Jesus do Araguaia,108.68,0.0,108.68,0.0
1358,Brasnorte,462.65,0.0,462.65,0.0
1359,Cáceres,73.88,0.0,73.88,0.0
1361,Campo Novo do Parecis,14.75,0.0,14.75,0.0
1362,Campo Verde,4.54,0.0,4.54,0.0
1363,Campos de Júlio,8.99,0.0,8.99,0.0
1364,Canabrava do Norte,86.38,0.0,86.38,0.0
1365,Canarana,70.65,0.0,70.65,0.0
1366,Carlinda,34.51,0.0,34.51,0.0
1367,Castanheira,145.28,0.0,145.28,0.0
1368,Chapada dos Guimarães,3.29,0.0,3.29,0.0
1369,Cláudia,468.29,0.0,468.29,0.0
1370,Cocalinho,39.57,0.0,39.57,0.0
1371,Colíder,61.31,0.0,61.31,0.0
1373,Comodoro,375.14,0.0,375.14,0.0
1374,Confresa,409.84,0.0,409.84,0.0
1375,Conquista D'Oeste,40.72,0.0,40.72,0.0
1376,Cotriguaçu,658.24,0.0,658.24,0.0
1378,Curvelândia,1.28,0.0,1.28,0.0
1379,Denise,3.02,0.0,3.02,0.0
1380,Diamantino,60.18,0.0,60.18,0.0
1381,Dom Aquino,0.75,0.0,0.75,0.0
1382,Feliz Natal,966.18,0.0,966.18,0.0
1383,Figueirópolis D'Oeste,1.96,0.0,1.96,0.0
1384,Gaúcha do Norte,543.37,0.0,543.37,0.0
1386,Glória D'Oeste,0.99,0.0,0.99,0.0
1387,Guarantã do Norte,173.46,0.0,173.46,0.0
1388,Guiratinga,0.14,0.0,0.14,0.0
1389,Indiavaí,1.42,0.0,1.42,0.0
1390,Ipiranga do Norte,102.53,0.0,102.53,0.0
1391,Itanhangá,394.1,0.0,394.1,0.0
1392,Itaúba,296.12,0.0,296.12,0.0
1393,Itiquira,0.17,0.0,0.17,0.0
1394,Jaciara,1.16,0.0,1.16,0.0
1396,Jauru,9.88,0.0,9.88,0.0
1397,Juara,894.29,0.0,894.29,0.0
1398,Juína,515.7,0.0,515.7,0.0
1399,Juruena,171.37,0.0,171.37,0.0
1400,Juscimeira,2.7,0.0,2.7,0.0
1401,Lambari D'Oeste,16.07,0.0,16.07,0.0
1402,Lucas do Rio Verde,42.02,0.0,42.02,0.0
1403,Luciara,7.81,0.0,7.81,0.0
1404,Marcelândia,1070.0,0.0,1070.0,0.0
1405,Matupá,290.5,0.0,290.5,0.0
1406,Mirassol d'Oeste,21.79,0.0,21.79,0.0
1407,Nobres,24.68,0.0,24.68,0.0
1408,Nortelândia,10.26,0.0,10.26,0.0
1409,Nossa Senhora do Livramento,1.83,0.0,1.83,0.0
1410,Nova Bandeirantes,1204.51,0.0,1204.51,0.0
1411,Nova Brasilândia,7.57,0.0,7.57,0.0
1412,Nova Canaã do Norte,165.38,0.0,165.38,0.0
1413,Nova Guarita,29.02,0.0,29.02,0.0
1414,Nova Lacerda,155.62,0.0,155.62,0.0
1415,Nova Marilândia,43.17,0.0,43.17,0.0
1416,Nova Maringá,727.21,0.0,727.21,0.0
1417,Nova Monte Verde,266.18,0.0,266.18,0.0
1418,Nova Mutum,150.48,0.0,150.48,0.0
1419,Nova Nazaré,77.35,0.0,77.35,0.0
1420,Nova Olímpia,12.24,0.0,12.24,0.0
1421,Nova Santa Helena,171.05,0.0,171.05,0.0
1422,Nova Ubiratã,752.14,0.0,752.14,0.0
1423,Nova Xavantina,5.64,0.0,5.64,0.0
1424,Novo Horizonte do Norte,8.32,0.0,8.32,0.0
1425,Novo Mundo,284.28,0.01,284.29,0.0
1428,Paranaíta,476.35,0.0,476.35,0.0
1429,Paranatinga,521.64,0.0,521.64,0.0
1430,Pedra Preta,0.27,0.0,0.27,0.0
1431,Peixoto de Azevedo,830.75,0.0,830.75,0.0
1432,Planalto da Serra,1.77,0.0,1.77,0.0
1433,Poconé,3.32,0.0,3.32,0.0
1436,Pontes e Lacerda,94.76,0.0,94.76,0.0
1437,Porto Alegre do Norte,76.05,0.0,76.05,0.0
1438,Porto dos Gaúchos,463.27,0.0,463.27,0.0
1439,Porto Esperidião,32.37,0.0,32.37,0.0
1440,Porto Estrela,2.25,0.0,2.25,0.0
1441,Poxoréu,8.91,0.0,8.91,0.0
1443,Querência,481.42,0.0,481.42,0.0
1444,Reserva do Cabaçal,23.76,0.0,23.76,0.0
1445,Ribeirão Cascalheira,93.13,0.0,93.13,0.0
1448,Rondolândia,420.38,0.0,420.38,0.0
1449,Rondonópolis,5.25,0.0,5.25,0.0
1450,Rosário Oeste,1.13,0.0,1.13,0.0
1451,Salto do Céu,15.7,0.0,15.7,0.0
1452,Santa Carmem,270.96,0.0,270.96,0.0
1453,Santa Cruz do Xingu,148.15,0.0,148.15,0.0
1454,Santa Rita do Trivelato,23.37,0.0,23.37,0.0
1455,Santa Terezinha,262.74,0.0,262.74,0.0
1456,Santo Afonso,51.49,0.0,51.49,0.0
1458,Santo Antônio do Leste,0.1,0.0,0.1,0.0
1459,São Félix do Araguaia,511.96,0.0,511.96,0.0
1460,São José do Povo,0.01,0.0,0.01,0.0
1461,São José do Rio Claro,235.33,0.0,235.33,0.0
1462,São José do Xingu,183.46,0.0,183.46,0.0
1463,São José dos Quatro Marcos,9.17,0.0,9.17,0.0
1464,São Pedro da Cipa,0.08,0.0,0.08,0.0
1465,Sapezal,20.01,0.0,20.01,0.0
1466,Serra Nova Dourada,95.54,0.0,95.54,0.0
1467,Sinop,249.37,0.0,249.37,0.0
1468,Sorriso,12.63,0.0,12.63,0.0
1469,Tabaporã,333.2,0.0,333.2,0.0
1470,Tangará da Serra,20.04,0.0,20.04,0.0
1471,Tapurah,157.08,0.0,157.08,0.0
1472,Terra Nova do Norte,90.65,0.0,90.65,0.0
1475,União do Sul,700.98,0.0,700.98,0.0
1476,Vale de São Domingos,19.22,0.0,19.22,0.0
1478,Vera,69.68,0.0,69.68,0.0
1480,Vila Rica,207.87,0.0,207.87,0.0